requests,concurrency,ylong_concurrency_model,ylong_runtime,scenario,repeat,client,elapsed_ms,latency_ms,throughput_rps,p50_us,p95_us,cpu_us,cpu_us_per_request,rss_peak_bytes,errors,proxy_connections,proxy_forward_requests,proxy_connect_requests,proxy_tunnel_bytes_from_client,proxy_tunnel_bytes_from_origin,proxy_tls_client_auth_failures,proxy_request_header_bytes,proxy_request_body_bytes,proxy_response_body_bytes,proxy_response_send_us,proxy_response_send_events,proxy_tunnel_send_to_client_us,proxy_tunnel_send_to_client_events,proxy_tunnel_send_to_origin_us,proxy_tunnel_send_to_origin_events,origin_connections,origin_requests,origin_tls_connections,origin_request_header_bytes,origin_request_body_bytes,origin_response_body_bytes,origin_response_send_us,origin_response_send_events,phase_request_build_us,phase_request_execute_us,phase_body_drain_us,phase_connect_us,phase_dns_us,phase_tcp_us,phase_tls_us,phase_transfer_us,phase_request_format_us,phase_pool_checkout_us,phase_send_on_conn_us,phase_http1_write_us,phase_http1_encode_us,phase_http1_write_io_us,phase_response_head_us,phase_response_read_us,phase_response_read_polls,phase_response_read_pending,phase_response_pre_read_bytes,phase_response_pre_read_events,phase_response_intercept_us,phase_response_decode_us,phase_libcurl_perform_us,tls_ssl_read_calls,tls_ssl_read_pending,tls_ssl_write_calls,tls_ssl_write_pending,tls_underlying_read_calls,tls_underlying_read_pending,tls_underlying_write_calls,tls_underlying_write_pending,body_chunks,body_bytes,proxy_tls_fingerprints,origin_tls_fingerprints
200,8,single-client,global,https-over-https-proxy,1,ylong_http_client,33.530063,0.167650315,5964.796427611842,1280,1959,32421,162.105,19050496,0,8,0,8,32262,1079510,0,472,0,0,0,0,54084,271,57188,266,8,250,8,14250,0,1024000,46983,250,420,257100,302,315,0,0,0,250702,808,614,254900,5972,295,5458,245998,244741,400,200,819200,200,29,1123,0,0,0,0,0,0,0,0,0,200,819200,TLSv1.3:TLS_AES_256_GCM_SHA384:256=8,TLSv1.3:TLS_AES_256_GCM_SHA384:256=8
200,8,single-client,global,https-over-https-proxy,1,libcurl,34.633015,0.173165075,5774.836525205789,1258,2161,30396,151.98,16687104,0,8,0,8,33490,1079510,0,712,0,0,0,0,47917,272,46736,274,8,250,8,14750,0,1024000,44900,250,0,0,0,0,0,0,0,0,0,0,0,0,0,0,0,0,0,0,0,0,0,0,0,0,0,0,0,0,0,0,0,200,819200,TLSv1.3:TLS_AES_256_GCM_SHA384:256=8,TLSv1.3:TLS_AES_256_GCM_SHA384:256=8
200,8,single-client,global,https-over-https-proxy,2,ylong_http_client,35.471775,0.177358875,5638.285651056367,1298,2137,33900,169.5,19505152,0,8,0,8,32262,1079510,0,472,0,0,0,0,60457,269,57814,266,8,250,8,14250,0,1024000,53775,250,449,273345,292,364,0,0,0,266697,863,679,271013,6084,280,5593,261889,260619,400,200,819200,200,26,1145,0,0,0,0,0,0,0,0,0,200,819200,TLSv1.3:TLS_AES_256_GCM_SHA384:256=8,TLSv1.3:TLS_AES_256_GCM_SHA384:256=8
200,8,single-client,global,https-over-https-proxy,2,libcurl,35.77951,0.17889755000000002,5589.791475623898,1344,2059,31942,159.71,16666624,0,8,0,8,33490,1079510,0,712,0,0,0,0,51371,272,48373,274,8,250,8,14750,0,1024000,45942,250,0,0,0,0,0,0,0,0,0,0,0,0,0,0,0,0,0,0,0,0,0,0,0,0,0,0,0,0,0,0,0,200,819200,TLSv1.3:TLS_AES_256_GCM_SHA384:256=8,TLSv1.3:TLS_AES_256_GCM_SHA384:256=8
200,8,single-client,global,https-over-https-proxy,3,ylong_http_client,32.413779,0.162068895,6170.215450657574,1212,1946,33185,165.925,19296256,0,8,0,8,32262,1079510,0,472,0,0,0,0,53113,271,50457,266,8,250,8,14250,0,1024000,44726,250,426,247830,289,321,0,0,0,241228,868,619,245579,6334,284,5837,236159,234888,400,200,819200,200,31,1140,0,0,0,0,0,0,0,0,0,200,819200,TLSv1.3:TLS_AES_256_GCM_SHA384:256=8,TLSv1.3:TLS_AES_256_GCM_SHA384:256=8
200,8,single-client,global,https-over-https-proxy,3,libcurl,34.148448,0.17074224000000002,5856.781543922581,1229,1996,30133,150.665,16756736,0,8,0,8,33490,1079510,0,712,0,0,0,0,44781,271,45374,274,8,250,8,14750,0,1024000,41574,250,0,0,0,0,0,0,0,0,0,0,0,0,0,0,0,0,0,0,0,0,0,0,0,0,0,0,0,0,0,0,0,200,819200,TLSv1.3:TLS_AES_256_GCM_SHA384:256=8,TLSv1.3:TLS_AES_256_GCM_SHA384:256=8
1000,8,single-client,global,https-over-https-proxy,1,ylong_http_client,165.299996,0.165299996,6049.606921950561,1223,2100,155127,155.127,19410944,0,8,0,8,95462,4457910,0,472,0,0,0,0,210178,1070,220773,1066,8,1050,8,59850,0,4300800,215354,1050,2024,1288042,1475,1548,0,0,0,1256927,3894,3044,1277423,29071,1341,26744,1233952,1227862,2000,1000,4096000,1000,135,5460,0,0,0,0,0,0,0,0,0,1000,4096000,TLSv1.3:TLS_AES_256_GCM_SHA384:256=8,TLSv1.3:TLS_AES_256_GCM_SHA384:256=8
1000,8,single-client,global,https-over-https-proxy,1,libcurl,123.878347,0.123878347,8072.43577442957,918,1741,106882,106.882,16527360,0,8,0,8,98290,4457910,0,712,0,0,0,0,139444,1073,138792,1074,8,1050,8,61950,0,4300800,125904,1050,0,0,0,0,0,0,0,0,0,0,0,0,0,0,0,0,0,0,0,0,0,0,0,0,0,0,0,0,0,0,0,1000,4096000,TLSv1.3:TLS_AES_256_GCM_SHA384:256=8,TLSv1.3:TLS_AES_256_GCM_SHA384:256=8
1000,8,single-client,global,https-over-https-proxy,2,ylong_http_client,181.03739,0.18103739,5523.720818113871,1369,2219,168864,168.864,19427328,0,8,0,8,95462,4457910,0,472,0,0,0,0,230133,1071,237957,1066,8,1050,8,59850,0,4300800,211208,1050,2185,1412034,1552,1739,0,0,0,1378464,4174,3399,1400333,31647,1478,29111,1353025,1346869,2000,1000,4096000,1000,114,5575,0,0,0,0,0,0,0,0,0,1000,4096000,TLSv1.3:TLS_AES_256_GCM_SHA384:256=8,TLSv1.3:TLS_AES_256_GCM_SHA384:256=8
1000,8,single-client,global,https-over-https-proxy,2,libcurl,142.237386,0.142237386,7030.500405849697,1071,1878,119495,119.495,16674816,0,8,0,8,98290,4457910,0,712,0,0,0,0,158409,1072,157331,1074,8,1050,8,61950,0,4300800,156146,1050,0,0,0,0,0,0,0,0,0,0,0,0,0,0,0,0,0,0,0,0,0,0,0,0,0,0,0,0,0,0,0,1000,4096000,TLSv1.3:TLS_AES_256_GCM_SHA384:256=8,TLSv1.3:TLS_AES_256_GCM_SHA384:256=8
1000,8,single-client,global,https-over-https-proxy,3,ylong_http_client,178.741061,0.178741061,5594.685375622784,1366,2198,162938,162.938,19705856,0,8,0,8,95462,4457910,0,472,0,0,0,0,247777,1068,238532,1066,8,1050,8,59850,0,4300800,215461,1050,2124,1395039,1521,1692,0,0,0,1362058,4108,3320,1383547,29904,1407,27502,1338570,1332174,2000,1000,4096000,1000,124,5744,0,0,0,0,0,0,0,0,0,1000,4096000,TLSv1.3:TLS_AES_256_GCM_SHA384:256=8,TLSv1.3:TLS_AES_256_GCM_SHA384:256=8
1000,8,single-client,global,https-over-https-proxy,3,libcurl,135.655024,0.13565502399999999,7371.639991748482,1027,1797,117028,117.028,16609280,0,8,0,8,98290,4457910,0,712,0,0,0,0,148554,1070,152509,1074,8,1050,8,61950,0,4300800,142249,1050,0,0,0,0,0,0,0,0,0,0,0,0,0,0,0,0,0,0,0,0,0,0,0,0,0,0,0,0,0,0,0,1000,4096000,TLSv1.3:TLS_AES_256_GCM_SHA384:256=8,TLSv1.3:TLS_AES_256_GCM_SHA384:256=8
